U.S. Polo Assn. Men Clarkin Sneakers,Casual Shoes,"4.3
|
11.4k"
HIGHLANDER Men Sneakers,Casual Shoes,"4
|
4.4k"
Roadster Men Sneakers,Casual Shoes,"3.7
|
3.7k"
Nike Men Dunk Leather Sneakers,Casual Shoes,"4.3
|
23"
Jack & Jones Men Sneakers,Casual Shoes,"3.8
|
1.5k"
U.S. Polo Assn. Men Colourblocked Sneakers,Casual Shoes,"4.1
|
678"
Puma Unisex Sneakers,Casual Shoes,"3
|
10"
Nike Men DUNK LOW RETRO Sneakers,Casual Shoes,"4.4
|
2k"
Mast & Harbour Men Striped Sneakers,Casual Shoes,"4.4
|
2.3k"
Red Tape Women Sneakers,Casual Shoes,"4.3
|
692"
U.S. Polo Assn. Men Solid Sneakers,Casual Shoes,"4.6
|
178"
Mactree Men Colourblocked PU Sneakers,Casual Shoes,"3.7
|
1.1k"
HIGHLANDER Men Solid Sneakers,Casual Shoes,"4.2
|
600"
Roadster Men Sneakers,Casual Shoes,"4.1
|
17"
U.S. Polo Assn. Men Colourblocked Sneakers,Casual Shoes,"4.1
|
330"
U.S. Polo Assn. Men OCTAVIA Slip-On Sneakers,Casual Shoes,"4.3
|
163"
Puma Men Knit Slip-On Sneakers,Casual Shoes,"4.6
|
22"
HIGHLANDER Men Solid Sneakers,Casual Shoes,"4.1
|
3.1k"
Puma Women Woven Design Slip-On Sneakers,Casual Shoes,"4.7
|
34"
Jack & Jones Men Casual Sneakers,Casual Shoes,"4.3
|
132"
U.S. Polo Assn. Men Capron 2.0 Sneakers,Casual Shoes,"3.7
|
41"
PUMA Motorsport MAPF1 Electron E Pro Sneakers,Casual Shoes,"4.4
|
204"
Nike Women DUNK LOW Sneakers,Casual Shoes,"4.4
|
332"
Truffle Collection Women Canvas Lace-Up Sneakers,Casual Shoes,"4.1
|
585"
Puma Unisex Duke Sneakers,Casual Shoes,"4.2
|
29"
U.S. Polo Assn. Men MADRYN 2.O Sneakers,Casual Shoes,"3.9
|
734"
WROGN Men Colourblocked Sneakers,Casual Shoes,"4.3
|
59"
HIGHLANDER Men Sneakers,Casual Shoes,"4.1
|
540"
Shoetopia Women Sneakers,Casual Shoes,"4.3
|
201"
U.S. Polo Assn. Men MOORE 2.0 Sneakers,Casual Shoes,"3.8
|
609"
HIGHLANDER Men Solid Sneakers,Casual Shoes,"4.3
|
145"
AfroJack Women Sneakers,Casual Shoes,"4.3
|
556"
Jack & Jones Men Solid Sneakers,Casual Shoes,"3.3
|
548"
Kook N Keech Women Woven Design Sneakers,Casual Shoes,"4.2
|
652"
U.S. Polo Assn. Men MADRYN 2.O Sneakers,Casual Shoes,"4.4
|
489"
HIGHLANDER Men Sneakers,Casual Shoes,"4.1
|
5.3k"
Mactree Men Colourblocked PU Sneakers,Casual Shoes,"4.4
|
18"
TWIN TOES Women Colourblocked Sneakers,Casual Shoes,"4.3
|
191"
Puma Women Textured Sneakers,Casual Shoes,"4.2
|
148"
Kook N Keech Men Woven Design Sneakers,Casual Shoes,"4.9
|
14"
U.S. Polo Assn. Men Printed Slip-On Sneakers,Casual Shoes,"4.7
|
27"
Roadster Men Textured Sneakers,Casual Shoes,"4.1
|
244"
bacca bucci Men Perforations Sneakers,Casual Shoes,"4
|
21"
U.S. Polo Assn. Men OCTAVIA Slip-On Sneakers,Casual Shoes,"4.1
|
54"
